{"cameraMode":{"drawMode":0,"name":"Shaded","section":"Shading Mode"},"sceneLighting":false,"audioPlay":false,"sceneViewState":{"m_AlwaysRefresh":false,"showFog":true,"showSkybox":false,"showFlares":true,"showImageEffects":true,"showParticleSystems":true,"showVisualEffectGraphs":true,"m_FxEnabled":true},"in2DMode":false,"pivot":{"x":-0.026650860905647279,"y":-0.001374751329421997,"z":-0.1109943687915802},"rotation":{"x":-0.48819389939308169,"y":0.08977415412664414,"z":-0.050572916865348819,"w":-0.8666670918464661},"size":0.11925359070301056,"orthographic":false}