{"cameraMode":{"drawMode":0,"name":"Shaded","section":"Shading Mode"},"sceneLighting":false,"audioPlay":false,"sceneViewState":{"m_AlwaysRefresh":false,"showFog":true,"showSkybox":false,"showFlares":true,"showImageEffects":true,"showParticleSystems":true,"showVisualEffectGraphs":true,"m_FxEnabled":true},"in2DMode":false,"pivot":{"x":-2.872817277908325,"y":0.19082880020141602,"z":-4.4708027839660648},"rotation":{"x":-0.1855337768793106,"y":-0.1546333134174347,"z":0.029575111344456674,"w":-0.9699471592903137},"size":0.44253361225128176,"orthographic":false}